,City,Country,Lat,Lng,Max Temp,Humidity,Cloudiness,Wind Speed,Description
0,Turbat,PK,26.0023,63.044,89.58,48,92,5.37,overcast clouds
1,Ushuaia,AR,-54.8,-68.3,42.46,49,20,18.41,few clouds
2,Sambava,MG,-14.2667,50.1667,67.82,85,7,8.48,clear sky
3,Kenai,US,60.5544,-151.2583,45.03,57,75,23.02,broken clouds
4,Nouadhibou,MR,20.931,-17.0347,71.58,88,59,13.8,broken clouds
5,Hilo,US,19.7297,-155.09,81.28,89,90,5.75,light rain
6,Vaini,TO,-21.2,-175.2,75.36,88,75,9.22,light rain
7,Albany,US,42.6001,-73.9662,50.36,94,99,4.21,overcast clouds
8,Busselton,AU,-33.65,115.3333,60.04,80,100,13.15,light rain
9,Castro,BR,-24.7911,-50.0119,56.34,96,21,5.12,few clouds
10,Zaltan,LY,32.947,11.8665,74.41,66,0,8.05,clear sky
11,Chuy,UY,-33.6971,-53.4616,59.16,93,100,14.2,light rain
12,Kapaa,US,22.0752,-159.319,84.18,70,75,4.0,broken clouds
13,Atuona,PF,-9.8,-139.0333,78.21,72,5,16.91,clear sky
14,Bredasdorp,ZA,-34.5322,20.0403,58.32,94,100,9.22,light rain
15,Pakpattan,PK,30.341,73.3866,91.26,45,0,3.78,clear sky
16,Nome,US,64.5011,-165.4064,35.67,56,20,16.11,few clouds
17,Bengkulu,ID,-3.8004,102.2655,82.04,68,96,5.01,light rain
18,Sept-Iles,CA,50.2001,-66.3821,41.52,91,90,5.01,overcast clouds
19,Ballina,AU,-28.8667,153.5667,75.38,73,40,9.22,moderate rain
20,San Patricio,US,28.017,-97.5169,82.26,76,80,10.94,broken clouds
21,Uusikaupunki,FI,60.8004,21.4084,48.72,91,97,17.6,overcast clouds
22,Isla Vista,US,34.4133,-119.861,74.25,50,1,4.61,clear sky
23,Bilma,NE,18.6853,12.9164,82.13,18,0,17.98,clear sky
24,Luneburg,DE,53.25,10.4,54.16,81,100,11.74,overcast clouds
25,East London,ZA,-33.0153,27.9116,61.72,88,3,8.88,clear sky
26,Tasiilaq,GL,65.6145,-37.6368,33.96,78,6,6.87,clear sky
27,Qaanaaq,GL,77.484,-69.3632,28.76,95,100,15.57,snow
28,Nikolskoye,RU,59.7035,30.7861,42.69,96,51,4.94,broken clouds
29,Punta Arenas,CL,-53.15,-70.9167,41.11,65,0,10.36,clear sky
30,Mataura,NZ,-46.1927,168.8643,53.47,65,100,8.46,overcast clouds
31,Georgetown,MY,5.4112,100.3354,85.95,81,20,3.0,light rain
32,Mirnyy,RU,62.5353,113.9611,37.74,53,42,7.36,scattered clouds
33,Bambous Virieux,MU,-20.3428,57.7575,72.21,78,75,11.5,light rain
34,Paamiut,GL,61.994,-49.6678,37.06,58,38,7.92,scattered clouds
35,Vokhma,RU,58.9303,46.7586,41.34,98,100,4.79,overcast clouds
36,Hobyo,SO,5.3505,48.5268,78.04,86,84,14.52,broken clouds
37,Manthani,IN,18.65,79.6667,81.48,82,59,2.95,broken clouds
38,Avarua,CK,-21.2078,-159.775,80.65,69,20,9.22,few clouds
39,Ancud,CL,-41.8697,-73.8203,42.33,64,100,8.21,overcast clouds
40,Laguna,US,38.421,-121.4238,80.89,33,1,3.44,clear sky
41,Hobart,AU,-42.8794,147.3294,62.11,97,90,9.22,light rain
42,Zhezkazgan,KZ,47.8043,67.7144,39.52,67,8,6.55,clear sky
43,Shimoda,JP,34.6667,138.95,66.56,90,100,33.82,heavy intensity rain
44,Snasa,NO,64.2457,12.3778,49.32,82,100,10.89,overcast clouds
45,Goundam,ML,16.4145,-3.6708,86.02,46,50,12.44,scattered clouds
46,Mont-De-Marsan,FR,44.0,-0.6667,51.78,98,0,3.44,clear sky
47,Saskylakh,RU,71.9167,114.0833,22.28,91,96,2.91,overcast clouds
48,Broome,US,42.2506,-75.833,50.9,79,1,8.05,clear sky
49,Los Llanos De Aridane,ES,28.6585,-17.9182,71.35,64,90,16.11,overcast clouds
50,Jamestown,US,42.097,-79.2353,49.08,94,1,1.01,clear sky
51,Westport,US,41.1415,-73.3579,60.94,87,1,3.0,clear sky
52,Tuktoyaktuk,CA,69.4541,-133.0374,30.2,74,20,4.61,few clouds
53,Beringovskiy,RU,63.05,179.3167,29.34,75,74,16.33,broken clouds
54,Yulara,AU,-25.2406,130.9889,84.04,14,2,10.36,clear sky
55,Husavik,IS,66.0449,-17.3389,40.91,92,100,21.59,overcast clouds
56,Pokaran,IN,26.9167,71.9167,83.61,65,93,9.19,overcast clouds
57,Talara,PE,-4.5772,-81.2719,64.72,86,38,13.96,scattered clouds
58,Port Hardy,CA,50.6996,-127.4199,53.6,93,75,9.22,light intensity shower rain
59,Port Elizabeth,ZA,-33.918,25.5701,62.89,100,90,9.22,mist
60,Willowmore,ZA,-33.2926,23.4895,52.27,81,73,5.03,broken clouds
61,Puerto Ayora,EC,-0.7393,-90.3518,69.84,93,43,6.46,scattered clouds
62,Hambantota,LK,6.1241,81.1185,79.14,100,90,1.14,light rain
63,Kosa,RU,59.9445,54.9977,38.66,94,100,4.54,overcast clouds
64,New Norfolk,AU,-42.7826,147.0587,61.75,66,100,1.01,light rain
65,Cabo San Lucas,MX,22.8909,-109.9124,83.5,72,1,6.91,clear sky
66,Yumen,CN,40.2833,97.2,66.74,19,8,8.77,clear sky
67,Vostok,RU,46.4856,135.8833,52.59,54,100,7.18,overcast clouds
68,Vao,NC,-22.6667,167.4833,70.81,86,6,21.43,light rain
69,Farafangana,MG,-22.8167,47.8333,68.25,91,34,7.2,light rain
70,Cherskiy,RU,68.75,161.3,23.23,87,14,7.18,few clouds
71,Klaksvik,FO,62.2266,-6.589,49.12,76,16,16.78,few clouds
72,Alghero,IT,40.5589,8.3181,66.99,100,0,2.3,clear sky
73,Yellowknife,CA,62.456,-114.3525,47.41,100,90,8.05,light rain
74,Aykhal,RU,66.0,111.5,37.45,39,23,5.19,few clouds
75,Airai,TL,-8.9266,125.4092,83.21,24,25,4.09,scattered clouds
76,Saravan,AM,39.7196,45.6483,47.05,87,35,5.68,scattered clouds
77,Derzhavinsk,KZ,51.1,66.3167,36.7,78,35,9.26,scattered clouds
78,Hami,CN,42.8,93.45,73.4,20,25,4.16,scattered clouds
79,Hazorasp,UZ,41.3194,61.0742,42.64,48,63,14.92,broken clouds
80,Lida,BY,53.8833,25.2997,47.37,76,100,6.08,overcast clouds
81,Tiksi,RU,71.6872,128.8694,32.34,63,100,3.44,overcast clouds
82,Rikitea,PF,-23.1203,-134.9692,73.53,72,4,16.78,clear sky
83,Strezhevoy,RU,60.7333,77.5889,33.78,87,100,13.49,overcast clouds
84,Manacapuru,BR,-3.2997,-60.6206,73.98,85,96,2.84,light rain
85,Talnakh,RU,69.4865,88.3972,30.79,96,100,2.51,overcast clouds
86,Beian,NO,63.6559,9.5683,56.01,62,0,29.93,clear sky
87,Lokosovo,RU,61.1333,74.8167,33.67,86,99,13.67,overcast clouds
88,Jalu,LY,29.0331,21.5482,72.45,60,0,9.98,clear sky
89,Matara,LK,5.9485,80.5353,80.1,83,99,6.38,light rain
90,Ketchikan,US,55.3422,-131.6461,53.58,82,90,0.0,moderate rain
91,Zhigansk,RU,66.7697,123.3711,38.68,37,12,6.85,few clouds
92,Sobolevo,RU,54.4299,31.8996,36.81,92,61,5.86,broken clouds
93,Butaritari,KI,3.0707,172.7902,82.33,74,41,10.78,scattered clouds
94,Fairbanks,US,64.8378,-147.7164,39.16,68,90,4.61,overcast clouds
95,Udachnyy,RU,66.4167,112.4,39.06,44,21,3.49,few clouds
96,San Joaquin,US,37.9333,-121.3011,80.64,32,1,0.0,clear sky
97,Puerto Palomas,MX,31.7667,-107.6167,63.73,61,47,4.14,light rain
98,Morvi,IN,22.8167,70.8333,79.68,85,76,12.06,broken clouds
99,Mahebourg,MU,-20.4081,57.7,72.25,78,75,11.5,light rain
100,Faanui,PF,-16.4833,-151.75,79.2,73,4,17.47,clear sky
101,San Policarpo,PH,12.1791,125.5072,84.06,75,97,6.29,light rain
102,Arraial Do Cabo,BR,-22.9661,-42.0278,69.28,87,98,5.68,overcast clouds
103,Sorland,NO,67.667,12.6934,50.79,79,44,11.86,scattered clouds
104,Kudat,MY,6.8837,116.8477,84.29,89,40,4.61,light rain
105,Lasa,IT,46.6166,10.7002,55.02,89,63,2.42,broken clouds
106,San Quintin,MX,30.4833,-115.95,68.56,83,0,7.23,clear sky
107,Nerl,RU,56.6628,40.3893,37.36,96,25,4.81,scattered clouds
108,Sao Filipe,CV,14.8961,-24.4956,79.2,76,79,4.52,broken clouds
109,Kabanjahe,ID,3.1001,98.4908,68.76,89,100,4.97,overcast clouds
110,Listowel,IE,52.4464,-9.485,52.84,74,59,18.23,light rain
111,Catazaja,MX,17.725,-92.0167,78.98,81,5,2.19,clear sky
112,Mocuba,MZ,-16.8392,36.9856,68.34,98,27,2.51,scattered clouds
113,Khatanga,RU,71.9667,102.5,30.61,94,98,7.0,overcast clouds
114,Khandyga,RU,62.6667,135.6,40.84,57,93,4.36,overcast clouds
115,Kanigoro,ID,-8.13,112.219,84.81,59,68,12.15,broken clouds
116,Lebu,CL,-37.6167,-73.65,49.48,86,100,6.58,overcast clouds
117,Barrow,US,71.2906,-156.7887,30.22,69,75,10.36,broken clouds
118,Dingle,PH,10.9995,122.6711,86.32,71,92,4.16,light rain
119,Tres Arroyos,AR,-38.3739,-60.2798,47.43,49,0,8.25,clear sky
120,Adrar,MR,20.5022,-10.0711,90.68,17,55,6.76,broken clouds
121,Deputatskiy,RU,69.3,139.9,19.96,60,82,3.65,broken clouds
122,Geraldton,AU,-28.7667,114.6,64.81,88,75,17.27,heavy intensity shower rain
123,Gaogou,CN,34.0175,119.1886,79.56,58,95,5.46,overcast clouds
124,Saint George,US,37.1041,-113.5841,72.25,18,1,3.0,clear sky
125,Charters Towers,AU,-20.1,146.2667,86.63,40,69,11.88,broken clouds
126,Touros,BR,-5.1989,-35.4608,76.1,79,21,14.92,few clouds
127,Hithadhoo,MV,-0.6,73.0833,81.72,73,99,3.38,overcast clouds
128,Lima,PE,-12.0432,-77.0282,62.91,84,75,14.97,broken clouds
129,Mount Isa,AU,-20.7333,139.5,89.37,13,3,11.5,clear sky
130,Bafq,IR,31.6128,55.4107,75.63,17,2,0.38,clear sky
131,Pangnirtung,CA,66.1451,-65.7125,35.42,45,32,1.92,scattered clouds
132,Mar Del Plata,AR,-38.0023,-57.5575,55.87,62,0,4.0,mist
133,Yerbogachen,RU,61.2767,108.0108,39.43,61,19,6.26,few clouds
134,Port Hawkesbury,CA,45.6169,-61.3485,58.59,99,90,0.0,overcast clouds
135,Kruisfontein,ZA,-34.0033,24.7314,58.89,97,94,2.1,light rain
136,Cravo Norte,CO,6.3017,-70.2041,76.42,82,93,2.24,overcast clouds
137,Luderitz,NA,-26.6481,15.1594,55.98,90,79,8.68,broken clouds
138,Asau,RO,46.4333,26.4,43.75,86,48,1.68,scattered clouds
139,Samarai,PG,-10.6167,150.6667,82.4,76,45,9.51,scattered clouds
140,Esperance,AU,-33.8667,121.9,64.24,49,100,12.48,overcast clouds
141,Marmora,IT,44.4583,7.094,54.32,92,88,1.66,overcast clouds
142,Ribeira Grande,PT,38.5167,-28.7,71.26,84,19,2.3,few clouds
143,Fortuna,US,40.5982,-124.1573,63.09,72,90,5.01,overcast clouds
144,Sao Joao Da Barra,BR,-21.6403,-41.0511,71.35,82,84,1.48,broken clouds
145,Pergine Valsugana,IT,46.065,11.238,59.59,83,90,2.3,fog
146,Saint-Philippe,RE,-21.3585,55.7679,71.15,79,50,12.35,scattered clouds
147,Gat,IL,31.61,34.7642,70.81,85,0,1.77,clear sky
148,Chokurdakh,RU,70.6333,147.9167,19.08,86,26,8.68,scattered clouds
149,College,US,64.8569,-147.8028,39.15,68,75,6.91,broken clouds
150,San Jose,US,37.3394,-121.895,80.74,41,20,9.22,haze
151,Hermanus,ZA,-34.4187,19.2345,55.9,89,99,10.49,light rain
152,Kasamwa,TZ,-2.85,32.4333,68.83,65,94,3.42,overcast clouds
153,Kavieng,PG,-2.5744,150.7967,82.62,79,89,15.43,light rain
154,Anloga,GH,5.7947,0.8973,79.02,85,100,10.51,light rain
155,Rocha,UY,-34.4833,-54.3333,58.19,96,99,5.79,overcast clouds
156,Bluff,NZ,-46.6,168.3333,53.8,78,43,23.78,scattered clouds
157,Boa Vista,BR,2.8197,-60.6733,84.18,65,20,3.44,light rain
158,Carnarvon,AU,-24.8667,113.6333,77.07,69,75,16.11,light rain
159,Alugan,PH,12.2188,125.4808,84.7,72,98,6.49,light rain
160,Alofi,NU,-19.0595,-169.9187,80.49,69,75,12.66,broken clouds
161,Concepcion Tutuapa,GT,15.2833,-91.7833,61.29,94,68,2.73,broken clouds
162,Kiruna,SE,67.8557,20.2251,40.12,87,90,11.5,overcast clouds
163,Prince Rupert,CA,54.3161,-130.3201,51.49,90,90,8.05,light rain
164,Longyearbyen,SJ,78.2186,15.6401,31.84,86,40,9.22,scattered clouds
165,Nantucket,US,41.2835,-70.0995,58.96,75,29,11.52,scattered clouds
166,Katangli,RU,51.7102,143.2326,56.64,48,1,16.15,clear sky
167,Puerto Suarez,BO,-18.95,-57.8,84.27,40,2,3.56,clear sky
168,Louis Trichardt,ZA,-23.0439,29.9032,59.04,94,98,8.84,overcast clouds
169,Hasaki,JP,35.7333,140.8333,68.4,95,100,37.18,heavy intensity rain
170,Pozo Colorado,PY,-23.4923,-58.7972,93.29,25,100,6.02,overcast clouds
171,Moose Factory,CA,51.2585,-80.6094,46.38,93,40,3.44,scattered clouds
172,San Roque,ES,36.2107,-5.3842,70.63,88,28,14.97,haze
173,Saint Anthony,US,45.0205,-93.218,75.13,78,40,1.99,light rain
174,Jam Sahib,PK,26.2958,68.6292,80.62,70,98,7.49,overcast clouds
175,Hamilton,US,39.1834,-84.5333,67.05,79,1,0.0,clear sky
176,Narasannapeta,IN,18.4167,84.05,82.65,78,13,2.44,few clouds
177,Yar-Sale,RU,66.8333,70.8333,33.37,89,100,19.28,overcast clouds
178,Coquimbo,CL,-29.9533,-71.3436,55.13,82,0,5.75,clear sky
179,Lethem,GY,3.3803,-59.7968,80.19,68,70,8.03,broken clouds
180,Soe,ID,-9.8607,124.284,89.38,28,12,8.43,few clouds
181,Seoul,KR,37.5683,126.9778,75.61,57,0,8.05,clear sky
182,Kropotkin,RU,45.4375,40.5756,44.69,52,7,18.97,clear sky
183,Bushtyno,UA,48.0512,23.4858,53.89,76,100,1.1,overcast clouds
184,Sinnamary,GF,5.3833,-52.95,79.92,82,88,9.55,overcast clouds
185,Soyo,AO,-6.1349,12.3689,74.98,84,100,6.93,overcast clouds
186,Bethel,US,41.3712,-73.414,57.04,86,1,0.0,clear sky
187,Darlowo,PL,54.421,16.4107,46.94,70,99,13.56,overcast clouds
188,Ilulissat,GL,69.2167,-51.1,28.42,64,100,4.61,overcast clouds
189,Cape Town,ZA,-33.9258,18.4232,59.27,79,0,16.11,clear sky
190,Katsuura,JP,35.1333,140.3,68.02,96,100,39.68,very heavy rain
191,Kutum,SD,14.2,24.6667,72.97,25,3,7.65,clear sky
192,Kerrville,US,30.0474,-99.1403,77.25,86,1,4.61,light rain
193,Kaitangata,NZ,-46.2817,169.8464,57.92,52,86,10.71,overcast clouds
194,Nanortalik,GL,60.1432,-45.2371,37.45,68,0,1.97,clear sky
195,Codrington,AU,-38.2667,141.9667,56.75,96,86,12.84,light rain
196,Victoria,HK,22.2855,114.1577,92.97,78,8,7.0,light rain
197,Toora-Khem,RU,52.4675,96.11,42.44,61,100,2.91,overcast clouds
198,Fare,PF,-16.7,-151.0167,79.0,72,2,16.37,clear sky
199,Isangel,VU,-19.55,169.2667,78.91,73,100,17.27,light rain
200,Poum,NC,-20.2333,164.0167,75.67,81,85,19.13,overcast clouds
201,Mogadishu,SO,2.0371,45.3438,77.9,87,99,11.95,overcast clouds
202,Teknaf,BD,20.8624,92.3058,84.15,73,49,4.52,scattered clouds
203,Borisoglebskiy,RU,57.2586,39.1508,42.44,94,9,4.9,clear sky
204,Waipawa,NZ,-41.4122,175.5153,56.03,60,5,3.98,clear sky
205,Mukhen,RU,48.1,136.1,56.34,48,28,6.82,scattered clouds
206,Grand Gaube,MU,-20.0064,57.6608,72.37,72,93,8.01,overcast clouds
207,Punuare,HN,14.7333,-85.9667,83.16,85,65,4.92,broken clouds
208,Kodiak,US,57.79,-152.4072,44.11,65,90,6.91,light rain
209,Dikson,RU,73.5069,80.5464,31.87,84,100,21.27,overcast clouds
210,Indramayu,ID,-6.3264,108.32,87.06,56,89,4.68,overcast clouds
211,Ambon,ID,-3.6954,128.1814,82.54,89,40,5.75,light rain
212,Limbang,MY,4.75,115.0,86.31,63,59,1.74,light rain
213,Dubrovka,RU,53.6907,33.5071,35.58,93,14,4.34,few clouds
214,Meadow Lake,US,34.8014,-106.5436,57.47,86,100,4.38,light rain
215,Lata,PT,40.1629,-8.3327,59.81,84,100,2.59,overcast clouds
216,Vale Da Amoreira,PT,39.0697,-7.6985,57.96,65,100,3.58,overcast clouds
217,Okhotsk,RU,59.3833,143.3,35.19,95,100,15.05,overcast clouds
218,Tuatapere,NZ,-46.1333,167.6833,53.82,63,83,12.71,broken clouds
219,Zeya,RU,53.75,127.2667,40.68,66,93,4.59,overcast clouds
220,Rio Gallegos,AR,-51.6226,-69.2181,42.85,42,90,10.36,overcast clouds
221,Vila,PT,42.0304,-8.1588,50.94,61,100,0.83,overcast clouds
222,El Tigre,VE,8.8875,-64.2454,74.41,88,33,7.4,light rain
223,Sawakin,SD,19.1059,37.3321,83.41,66,34,4.83,scattered clouds
224,La Sierra,CO,2.1784,-76.7626,56.44,93,100,4.03,overcast clouds
225,Yakeshi,CN,49.2833,120.7333,44.38,46,74,13.91,broken clouds
226,Upernavik,GL,72.7868,-56.1549,32.59,73,100,16.37,overcast clouds
227,Gashua,NG,12.871,11.0482,82.02,24,13,3.27,few clouds
228,San Juan,AR,-31.5375,-68.5364,65.73,32,0,11.34,clear sky
229,Mogocha,RU,53.7333,119.7667,39.72,53,94,3.47,overcast clouds
230,Kungsbacka,SE,57.4872,12.0761,53.26,91,100,21.99,moderate rain
231,Necochea,AR,-38.5473,-58.7368,48.04,88,0,8.75,clear sky
232,Itarema,BR,-2.9248,-39.9167,78.62,84,31,11.7,scattered clouds
233,Kozlovo,RU,56.5167,36.2667,38.95,93,3,2.64,clear sky
234,Sakakah,SA,29.9697,40.2064,76.57,31,0,9.75,clear sky
235,Vestmannaeyjar,IS,63.4427,-20.2734,44.17,72,100,27.38,overcast clouds
236,Havre,FR,49.5833,0.3333,55.17,88,75,16.11,light rain
237,Chifeng,CN,42.2683,118.9636,53.71,38,4,4.63,clear sky
238,San Jeronimo,PE,-11.9472,-75.2829,53.55,69,92,0.07,overcast clouds
239,Surt,LY,31.2089,16.5887,76.37,70,4,6.98,clear sky
240,Henties Bay,NA,-22.116,14.2845,54.86,87,82,9.46,broken clouds
241,Hualmay,PE,-11.0964,-77.6139,63.99,85,30,9.26,scattered clouds
242,Fairhope,US,30.523,-87.9033,78.84,87,1,0.0,clear sky
243,Chicxulub,MX,21.1333,-89.5167,82.45,78,40,7.58,scattered clouds
244,Taoudenni,ML,22.6783,-3.9836,88.14,9,65,7.11,broken clouds
245,Berlevag,NO,70.8578,29.0864,44.06,81,17,14.25,few clouds
246,Clayton,US,33.5335,-84.3666,73.31,93,69,3.04,broken clouds
247,Amazar,RU,53.858,120.875,41.47,40,67,6.31,broken clouds
248,Biak,ID,-0.9131,122.8766,81.28,78,81,3.6,light rain
249,Vila Franca Do Campo,PT,37.7167,-25.4333,70.2,90,27,2.98,scattered clouds
250,Trinidad,BO,-14.8333,-64.9,85.42,50,1,7.0,clear sky
251,Jinchang,CN,38.4953,102.1739,70.57,15,0,1.97,clear sky
252,Dire,ML,12.2833,-10.9667,73.24,94,100,3.62,light rain
253,Zhob,PK,31.3411,69.4481,75.24,62,1,4.45,clear sky
254,Gravdal,NO,68.1214,13.5031,48.52,79,18,11.18,few clouds
255,Port Alfred,ZA,-33.5906,26.891,60.44,92,4,11.74,clear sky
256,Rio Cuarto,AR,-33.1307,-64.3499,44.83,42,0,5.84,clear sky
257,Brigantine,US,39.4101,-74.3646,63.01,81,90,0.0,overcast clouds
258,Buraydah,SA,26.326,43.975,70.25,13,0,7.52,clear sky
259,Adilcevaz,TR,38.8039,42.7342,56.91,56,0,3.71,clear sky
260,Caucaia,BR,-3.7361,-38.6531,80.55,77,40,10.36,scattered clouds
261,Kidal,ML,18.4411,1.4078,82.2,12,75,9.15,broken clouds
262,Nuristan,AF,35.3,70.8333,48.96,45,0,0.85,clear sky
263,Kushmurun,KZ,52.4503,64.6311,36.72,74,60,9.89,broken clouds
264,Washington,US,47.5001,-120.5015,59.4,72,47,5.53,scattered clouds
265,New Smyrna Beach,US,29.0258,-80.927,80.1,68,99,7.38,overcast clouds
266,Bandarbeyla,SO,9.4942,50.8122,79.59,78,97,21.47,overcast clouds
267,Sainte-Suzanne,RE,-20.9061,55.6089,71.78,73,40,14.97,scattered clouds
268,Basco,PH,20.4487,121.9702,83.16,78,94,6.29,light rain
269,Grindavik,IS,63.8424,-22.4338,43.27,75,0,23.02,clear sky
270,Qixingtai,CN,30.4135,111.8874,82.98,57,0,3.76,clear sky
271,Lamu,KE,-2.2717,40.902,77.22,84,100,13.71,light rain
272,Bolshaya Sosnova,RU,57.6713,54.6029,42.75,97,100,5.53,overcast clouds
273,Collie,AU,-33.3667,116.15,56.98,95,100,7.2,moderate rain
274,Egvekinot,RU,66.3167,-179.1667,19.45,77,81,11.05,broken clouds
275,Norsup,VU,-16.0667,167.3833,81.54,75,56,17.11,broken clouds
276,Marsa Matruh,EG,31.3525,27.2453,75.4,69,40,8.05,scattered clouds
277,Sault Sainte Marie,CA,46.5168,-84.3333,56.89,90,1,0.0,clear sky
278,Ahtopol,BG,42.1,27.95,55.87,68,76,16.02,broken clouds
279,Tecoanapa,MX,16.5167,-98.75,79.74,81,56,3.24,broken clouds
280,Saint-Georges,GD,12.0564,-61.7485,83.88,79,20,6.91,light rain
281,Aswan,EG,24.0934,32.907,76.3,38,0,6.91,clear sky
282,Kozhva,RU,65.1073,57.0459,31.14,86,88,5.64,overcast clouds
283,Sinjar,IQ,36.3209,41.8754,71.19,44,0,2.21,clear sky
284,Mountain Home,US,43.133,-115.6912,63.34,23,1,4.61,clear sky
285,Sabang,ID,5.8933,95.3214,80.46,78,100,10.02,overcast clouds
286,Thonon-Les-Bains,FR,46.25,6.5,48.2,89,7,3.31,clear sky
287,Ambulu,ID,-8.345,113.6058,85.3,60,67,8.03,broken clouds
288,Muros,ES,42.7762,-9.0603,61.84,88,100,2.37,overcast clouds
289,Severo-Kurilsk,RU,50.6789,156.125,48.74,96,100,19.24,light rain
290,Mana,GF,5.6592,-53.7767,79.07,84,35,9.17,light rain
291,Torbay,CA,47.6666,-52.7314,59.88,99,90,6.91,fog
292,San Pedro,PH,14.35,121.0167,89.31,73,100,5.55,light rain
293,Karratha,AU,-20.7377,116.8463,87.37,32,1,11.23,clear sky
294,Salalah,OM,17.0151,54.0924,82.49,78,75,2.3,broken clouds
295,Alta Floresta,BR,-9.8756,-56.0861,71.98,92,89,1.5,overcast clouds
296,Kahului,US,20.8947,-156.47,81.66,77,40,13.8,scattered clouds
297,Joshimath,IN,30.5667,79.5667,71.11,80,25,3.69,scattered clouds
298,Wewak,PG,-3.5534,143.6268,82.15,79,100,5.73,light rain
299,Thompson,CA,55.7435,-97.8558,42.96,81,20,2.3,few clouds
300,Bilibino,RU,68.0546,166.4372,14.18,91,70,1.74,broken clouds
301,Jasper,US,37.2001,-94.3502,70.05,88,1,1.01,clear sky
302,Souillac,MU,-20.5167,57.5167,72.36,78,75,11.5,broken clouds
303,Korla,CN,41.7597,86.1469,72.39,17,15,5.28,few clouds
304,Beloha,MG,-25.1667,45.05,66.7,94,4,2.26,clear sky
305,Houma,US,29.5958,-90.7195,77.99,91,100,6.6,overcast clouds
306,Anadyr,RU,64.75,177.4833,30.7,74,0,15.66,clear sky
307,Roma,US,43.2128,-75.4557,53.46,95,20,0.0,few clouds
308,Smithers,CA,54.7804,-127.1743,48.52,81,75,9.22,broken clouds
309,Fort Nelson,CA,58.8053,-122.7002,40.59,93,90,5.75,overcast clouds
310,Valdivia,CL,-39.8142,-73.2459,44.69,98,100,0.36,overcast clouds
311,Graham,US,47.0529,-122.2943,55.27,93,1,0.0,light rain
312,Russell,US,32.3502,-85.1999,72.97,93,75,0.0,fog
313,Leningradskiy,RU,69.3833,178.4167,26.37,93,100,13.6,light snow
314,Swan Hill,AU,-35.3378,143.5544,57.9,88,100,8.37,light rain
315,Oda,JP,35.1833,132.5,75.97,68,34,11.7,scattered clouds
316,Pepel,SL,8.5817,-13.0628,76.3,90,100,2.1,overcast clouds
317,Jinxiang,CN,27.4327,120.6062,82.06,71,19,5.21,few clouds
318,Tual,ID,-5.6667,132.75,81.7,80,99,12.12,overcast clouds
319,Giresun,TR,40.5,38.5,29.52,87,96,1.21,overcast clouds
320,Gobabis,NA,-22.45,18.9667,59.9,17,77,8.43,broken clouds
321,Chernyshevskiy,RU,63.0128,112.4714,36.64,51,28,6.71,scattered clouds
322,Bayan,CN,46.0833,127.4,53.58,53,6,8.3,clear sky
323,Turukhansk,RU,65.8167,87.9833,34.75,97,100,7.49,light rain
324,San Mateo Del Mar,MX,16.2,-95.0,83.57,72,96,7.78,overcast clouds
325,Padang,ID,-0.9492,100.3543,77.05,77,100,2.98,overcast clouds
326,Shelburne,CA,44.0787,-80.2041,50.56,88,0,4.12,clear sky
327,Katherine,AU,-14.4667,132.2667,93.52,46,96,10.36,overcast clouds
328,Jamsa,FI,61.8642,25.19,46.15,78,100,9.95,overcast clouds
329,Texarkana,US,33.4251,-94.0477,77.23,85,1,1.01,clear sky
330,Port Augusta,AU,-32.5,137.7667,60.94,53,48,15.08,scattered clouds
331,Ulladulla,AU,-35.35,150.4667,74.77,67,41,5.75,scattered clouds
332,Humberto De Campos,BR,-2.5983,-43.4611,77.02,88,32,5.91,scattered clouds
333,Bougouni,ML,11.417,-7.479,74.34,90,100,3.09,light rain
334,Grajau,BR,-5.8194,-46.1386,75.52,77,8,2.68,clear sky
335,Cap Malheureux,MU,-19.9842,57.6142,72.46,72,92,7.0,overcast clouds
336,Fenwick,GB,53.6387,-1.0976,59.09,92,0,16.11,light rain
337,Lodja,CD,-3.4833,23.4333,66.99,98,100,1.68,light rain
338,Selenginsk,RU,52.0064,106.8647,37.81,51,5,1.81,clear sky
339,Marquette,US,46.5333,-87.6335,61.77,82,57,5.55,broken clouds
340,Hofn,IS,64.2539,-15.2082,43.77,85,100,24.25,light rain
341,Petropavlovsk-Kamchatskiy,RU,53.0452,158.6483,48.79,71,75,15.66,light rain
342,Ialibu,PG,-6.2821,143.9935,68.63,83,100,2.8,light rain
343,Ruidoso,US,33.3317,-105.673,49.96,97,90,4.61,overcast clouds
344,Elizabeth City,US,36.2946,-76.2511,66.02,88,1,0.0,clear sky
345,Usinsk,RU,65.9939,57.5281,34.93,76,100,8.16,overcast clouds
346,Celestun,MX,20.8667,-90.4,81.75,75,100,13.51,overcast clouds
347,Ostrovnoy,RU,68.0531,39.5131,41.4,87,100,5.03,overcast clouds
348,Narsaq,GL,60.9167,-46.05,34.02,46,0,3.56,clear sky
349,Nenjiang,CN,49.1833,125.2167,48.2,52,2,7.23,clear sky
350,Piedras Negras,MX,28.7,-100.5167,86.27,60,53,16.84,light rain
351,Clyde River,CA,70.4692,-68.5914,33.71,74,100,7.76,overcast clouds
352,Manadhoo,MV,5.7667,73.3833,81.21,79,95,12.08,moderate rain
353,Markova,UA,48.6758,24.4138,48.96,94,100,1.99,overcast clouds
354,Bischwiller,FR,48.7659,7.8583,48.96,70,88,2.3,overcast clouds
355,Cap-Chat,CA,49.1001,-66.6821,44.6,93,100,17.27,light rain
356,Paracuru,BR,-3.41,-39.0306,80.62,82,65,12.93,broken clouds
357,Ko Samui,TH,9.5357,99.9357,87.71,74,20,5.75,moderate rain
358,Noyabrsk,RU,63.1994,75.4507,32.14,92,100,18.68,overcast clouds
359,Nishihara,JP,26.1842,127.7558,85.68,66,20,18.41,few clouds
360,Virginia Beach,US,36.8529,-75.978,68.0,75,20,4.61,few clouds
361,Sitka,US,57.0531,-135.33,51.69,58,40,12.66,light rain
362,Biltine,TD,14.5333,20.9167,79.5,24,3,6.69,clear sky
363,Menongue,AO,-14.6585,17.691,67.32,56,81,4.61,light rain
364,Murchison,NZ,-41.8,172.3333,57.47,62,79,5.03,broken clouds
365,Omboue,GA,-1.5746,9.2618,75.88,87,100,7.78,overcast clouds
366,Mbanza-Ngungu,CD,-5.25,14.8667,69.76,83,100,7.49,overcast clouds
367,Caravelas,BR,-17.7125,-39.2481,71.89,91,0,4.21,clear sky
368,Octeville,FR,49.6261,-1.6435,60.93,94,90,18.41,overcast clouds
369,Talavera,PH,15.6167,120.9333,85.98,72,97,4.09,overcast clouds
370,Poya,NC,-21.35,165.15,80.4,62,62,7.09,light rain
371,Athabasca,CA,54.7169,-113.2854,57.02,56,100,15.41,overcast clouds
372,Mujiayingzi,CN,42.1167,118.7833,53.02,36,2,6.22,clear sky
373,Finschhafen,PG,-6.6024,147.8681,82.92,79,94,6.46,light rain
374,Pennsville,US,39.6535,-75.5166,59.81,71,40,4.61,scattered clouds
375,Cururupu,BR,-1.8283,-44.8683,75.06,92,100,3.56,overcast clouds
376,Bela,IN,25.9333,81.9833,80.71,78,6,10.16,clear sky
377,Odienne,CI,9.51,-7.5692,72.34,92,100,3.36,overcast clouds
378,Sonari,IN,27.0667,95.0333,82.45,81,19,0.6,light rain
379,Mogwase,ZA,-25.185,27.2665,63.01,69,96,12.53,overcast clouds
380,Provideniya,RU,64.3833,-173.3,35.71,55,90,15.66,overcast clouds
381,Jadu,LY,31.953,12.0261,60.64,93,3,3.78,clear sky
382,Dudinka,RU,69.4058,86.1778,29.16,96,100,11.56,overcast clouds
383,Lagoa,PT,39.05,-27.9833,69.93,86,24,3.87,few clouds
384,Antofagasta,CL,-23.65,-70.4,58.28,79,45,5.37,scattered clouds
385,Hailar,CN,49.2,119.7,44.96,47,26,14.34,scattered clouds
386,Nisia Floresta,BR,-6.0911,-35.2086,79.18,82,28,11.07,scattered clouds
387,Sumbe,AO,-11.2061,13.8437,70.47,88,83,4.68,broken clouds
388,Vanino,RU,49.0869,140.2543,60.19,41,66,4.0,broken clouds
389,La Paz Centro,NI,12.34,-86.6753,76.86,92,1,1.25,clear sky
390,Harper,LR,4.375,-7.7169,76.57,88,92,3.87,light rain
391,Bac Lieu,VN,9.285,105.7244,86.14,68,94,5.23,overcast clouds
392,Old Town,CZ,50.087,14.4202,49.28,81,0,5.75,clear sky
393,Ust-Maya,RU,60.4167,134.5333,38.79,73,96,3.36,overcast clouds
394,Walvis Bay,NA,-22.9575,14.5053,55.09,87,4,4.61,clear sky
395,Stabat,ID,3.761,98.4513,82.6,73,100,3.06,overcast clouds
396,Tungor,RU,53.3808,142.9564,56.86,57,64,13.2,light rain
397,Marmashen,AM,40.8349,43.7779,46.69,87,40,2.3,scattered clouds
398,Burley,US,42.5357,-113.7928,56.64,40,1,0.0,clear sky
399,Tallahassee,US,30.4383,-84.2807,78.64,87,75,0.0,broken clouds
400,Ibra,OM,22.6906,58.5334,84.52,55,98,3.24,overcast clouds
401,Santa Fe,AR,-31.6333,-60.7,61.99,85,31,8.99,scattered clouds
402,Casablanca,MA,33.5928,-7.6192,71.33,94,3,4.0,clear sky
403,Karlstad,SE,59.3793,13.5036,50.56,100,75,9.22,light rain
404,Price,US,39.5994,-110.8107,54.66,54,1,5.75,clear sky
405,Verkhnevilyuysk,RU,63.4453,120.3167,37.72,46,96,5.32,overcast clouds
406,Baruun-Urt,MN,46.6806,113.2792,46.38,34,20,11.86,few clouds
407,Shelopugino,RU,51.6514,117.5599,43.03,45,17,4.32,few clouds
408,Mount Gambier,AU,-37.8333,140.7667,57.11,88,90,21.85,overcast clouds
409,Katsina,NG,12.9894,7.6006,78.57,54,10,5.48,clear sky
410,Methoni,GR,36.8197,21.7049,62.46,56,65,10.42,broken clouds
411,Nabire,ID,-3.3667,135.4833,84.31,76,58,4.14,light rain
412,Mehamn,NO,71.0357,27.8492,42.62,82,26,9.86,scattered clouds
413,Oyama,JP,36.3,139.8,66.81,88,100,14.25,moderate rain
414,Vardo,NO,70.3705,31.1107,44.8,70,95,14.63,overcast clouds
415,Menomonie,US,44.8755,-91.9193,72.28,70,97,6.46,light rain
416,Verkh-Tula,RU,54.8839,82.7762,39.22,100,90,8.95,light intensity shower rain
417,Nicoya,CR,10.1483,-85.452,72.95,91,63,0.18,light rain
418,Corbelia,BR,-24.7989,-53.3067,78.78,47,8,5.82,clear sky
419,Ponta Do Sol,PT,32.6667,-17.1,72.72,62,12,7.11,few clouds
420,Pulandian,CN,39.3953,121.9669,68.13,72,98,2.75,overcast clouds
421,Lady Lake,US,28.9175,-81.9229,77.11,82,72,6.38,broken clouds
422,Grand-Santi,GF,4.25,-54.3833,74.08,94,100,2.57,overcast clouds
423,Dryden,CA,49.7833,-92.7503,68.29,83,90,5.75,overcast clouds
424,Kolondieba,ML,11.0882,-6.8926,75.09,87,99,2.46,overcast clouds
425,Tezu,IN,27.9167,96.1667,82.45,74,61,2.04,broken clouds
426,Bubaque,GW,11.2833,-15.8333,83.01,76,57,7.78,light rain
427,Zavitinsk,RU,50.1167,129.45,47.03,56,31,9.31,scattered clouds
428,Majene,ID,-3.5403,118.9707,84.79,70,44,10.83,scattered clouds
429,Dingzhou,CN,38.5131,114.9956,68.11,63,7,11.59,clear sky
430,Goderich,CA,43.7501,-81.7165,51.91,87,8,4.61,clear sky
431,Lockhart,US,28.6194,-81.4426,78.73,76,1,1.01,clear sky
432,Jiujiang,CN,29.7333,115.9833,85.23,51,0,0.51,clear sky
433,Mangrol,IN,21.1167,70.1167,81.77,85,92,14.52,overcast clouds
434,Ondjiva,AO,-17.0667,15.7333,60.6,27,2,1.59,clear sky
435,Domoni,KM,-12.2569,44.5319,74.86,84,31,4.65,scattered clouds
436,Uarini,BR,-2.99,-65.1083,75.85,83,100,2.64,overcast clouds
437,San Ramon,US,37.7799,-121.978,79.29,36,1,8.05,clear sky
438,Mendoza,AR,-32.8908,-68.8272,62.13,39,0,0.0,clear sky
439,Kristiansund,NO,63.1115,7.732,57.85,51,75,13.8,broken clouds
440,Coro,VE,11.4045,-69.6734,79.81,85,63,8.21,light rain
441,Usogorsk,RU,63.4106,48.6872,44.06,98,100,3.31,overcast clouds
442,Dunedin,NZ,-45.8742,170.5036,53.28,69,92,5.84,overcast clouds
443,Deer Lake,CA,49.1667,-57.4316,48.06,93,90,14.97,light rain
444,Srednekolymsk,RU,67.45,153.6833,30.04,53,5,13.11,clear sky
445,Kota Belud,MY,6.351,116.4305,85.86,78,100,2.68,light rain
446,Mangan,IN,27.5167,88.5333,80.64,75,97,3.24,overcast clouds
447,Constitucion,CL,-35.3333,-72.4167,47.55,78,3,9.57,clear sky
448,Palmer,US,42.1584,-72.3287,51.31,89,20,0.0,few clouds
449,Yelizovo,RU,53.1873,158.3805,50.14,71,75,15.66,light rain
450,Lorengau,PG,-2.0226,147.2712,76.64,91,100,3.4,moderate rain
451,Kihei,US,20.785,-156.4656,81.66,77,40,13.8,scattered clouds
452,Tanabe,JP,33.7333,135.3667,78.01,69,75,20.71,broken clouds
453,Zamora,EC,-4.0692,-78.9567,64.45,95,11,2.62,few clouds
454,Sal Rei,CV,16.1833,-22.9167,79.36,78,100,10.65,overcast clouds
455,Bonavista,CA,48.6499,-53.1147,56.12,99,100,4.14,overcast clouds
456,Severnoye,RU,56.3491,78.3619,38.55,79,100,9.15,overcast clouds
457,Yeniseysk,RU,58.4497,92.1703,40.51,83,100,4.99,overcast clouds
458,Malvern,US,34.3623,-92.813,74.01,94,2,3.76,clear sky
459,Anqing,CN,30.5092,117.0506,84.16,56,0,6.6,clear sky
460,Manokwari,ID,-0.8667,134.0833,84.43,68,32,4.81,scattered clouds
461,Cerchezu,RO,43.8167,28.1,51.01,62,99,10.67,overcast clouds
462,Ararangua,BR,-28.9347,-49.4858,68.23,98,100,6.08,heavy intensity rain
463,Umm Lajj,SA,25.0213,37.2685,79.72,70,0,6.38,clear sky
464,Winnemucca,US,40.973,-117.7357,62.65,16,1,5.75,clear sky
465,Namibe,AO,-15.1961,12.1522,59.54,86,13,4.76,few clouds
466,Sur,OM,22.5667,59.5289,88.5,58,100,1.63,overcast clouds
467,Lang Son,VN,21.8333,106.7333,85.64,58,30,5.21,scattered clouds
468,Borgarnes,IS,64.5383,-21.9206,43.36,75,100,18.97,overcast clouds
469,Krasnoarmeysk,RU,51.0239,45.6969,43.29,61,100,5.48,overcast clouds
470,Pilot Butte,CA,50.4668,-104.4178,59.67,26,1,10.36,clear sky
471,Ust-Tsilma,RU,65.441,52.1498,35.67,82,94,2.37,overcast clouds
472,Aborlan,PH,9.4352,118.5492,85.75,73,66,2.66,moderate rain
473,Nurota,UZ,40.5614,65.6886,50.09,45,25,12.3,scattered clouds
474,Gorontalo,ID,0.5412,123.0595,88.0,67,36,3.04,light rain
475,Kamaishi,JP,39.2667,141.8833,67.15,89,100,5.91,moderate rain
476,Batagay-Alyta,RU,67.8006,130.4114,29.84,48,18,3.09,few clouds
477,Wawa,NG,9.9022,4.4192,73.65,90,88,4.79,overcast clouds
478,Muroto,JP,33.2833,134.15,84.24,68,9,3.8,clear sky
479,Rawson,AR,-43.3002,-65.1023,49.37,66,3,12.48,clear sky
480,Moron,AR,-34.6534,-58.6198,60.55,97,7,1.99,clear sky
481,Nyurba,RU,63.2842,118.3319,39.27,40,74,5.37,broken clouds
482,Camacha,PT,33.0833,-16.3333,68.76,78,40,9.22,scattered clouds
483,Pierre,US,44.3683,-100.351,66.06,90,90,8.01,heavy intensity rain
484,Somerset East,ZA,-32.7217,25.588,53.13,95,40,3.56,scattered clouds
485,Olinda,BR,-8.0089,-34.8553,76.73,88,75,13.8,light rain
486,Skegness,GB,53.1436,0.3363,59.58,90,100,24.11,light rain
487,Margate,GB,51.3813,1.3862,60.96,83,100,4.0,overcast clouds
488,Nuuk,GL,64.1835,-51.7216,32.61,69,91,10.36,overcast clouds
489,Wad Rawah,SD,15.1603,33.1397,83.62,19,0,7.67,clear sky
490,Fukue,JP,32.6881,128.8419,80.96,74,75,21.85,broken clouds
491,Mabaruma,GY,8.2,-59.7833,75.47,88,100,2.91,overcast clouds
492,Hitoyoshi,JP,32.2167,130.75,84.02,57,0,7.0,clear sky
493,Ayan,RU,56.45,138.1667,47.46,75,100,9.66,light rain
494,Dicabisagan,PH,17.0818,122.4157,86.74,68,92,4.74,light rain
495,Amahai,ID,-3.3333,128.9167,82.62,77,60,5.37,light rain
496,Oros,BR,-6.2444,-38.9136,80.35,63,96,7.4,overcast clouds
497,Flinders,AU,-34.5833,150.8552,75.79,67,72,4.0,broken clouds
498,Indiaroba,BR,-11.5192,-37.5117,74.68,87,11,7.56,few clouds
499,Khuzhir,RU,53.1939,107.3397,40.66,59,60,2.26,broken clouds
500,Akim Swedru,GH,5.8938,-1.0164,72.21,99,95,2.01,light rain
501,Port Lincoln,AU,-34.7333,135.8667,60.01,65,29,10.56,scattered clouds
502,Olafsvik,IS,64.8945,-23.7142,42.85,74,100,32.68,overcast clouds
503,Viransehir,TR,37.2353,39.7631,68.22,38,0,3.04,clear sky
504,Roebourne,AU,-20.7833,117.1333,89.13,27,1,9.26,clear sky
505,Havre-Saint-Pierre,CA,50.2334,-63.5986,45.19,100,90,23.02,light rain
506,Cradock,ZA,-32.1642,25.6192,53.31,89,15,3.18,few clouds
507,Iqaluit,CA,63.7506,-68.5145,24.53,100,1,2.3,mist
508,Witu,KE,-2.3889,40.4382,77.16,86,100,10.69,light rain
509,Auki,SB,-8.7676,160.7034,87.04,60,99,4.29,light rain
510,Hermosillo,MX,29.0667,-110.9667,84.69,57,0,7.0,clear sky
511,Puerto Plata,DO,19.7934,-70.6884,75.16,94,75,6.91,thunderstorm
512,Banda Aceh,ID,5.5577,95.3222,79.3,83,100,11.72,overcast clouds
513,Bogotol,RU,56.2078,89.5342,36.59,91,100,8.93,overcast clouds
514,Juquia,BR,-24.3208,-47.6347,61.93,99,30,1.1,scattered clouds
515,Cabedelo,BR,-6.9811,-34.8339,75.87,84,15,13.11,few clouds
516,Watertown,US,42.3709,-71.1828,53.47,82,1,1.01,clear sky
517,Lishu,CN,43.3047,124.3278,56.21,51,6,7.23,clear sky
518,Nuqui,CO,5.7125,-77.2708,75.74,88,100,2.42,light rain
519,Atar,MR,20.5169,-13.0499,88.61,18,7,4.63,clear sky
520,Le Pradet,FR,43.1066,6.0172,68.63,74,0,4.61,clear sky
521,Grenaa,DK,56.4158,10.8783,52.02,96,100,7.0,moderate rain
522,Zell Am See,AT,47.3256,12.7944,46.0,82,65,5.53,broken clouds
523,Saldanha,ZA,-33.0117,17.9442,51.85,91,0,11.12,clear sky
524,Ginda,IN,30.6945,78.4932,67.98,85,57,1.74,broken clouds
525,Ixtapa,MX,20.7,-105.2,83.43,79,40,2.3,scattered clouds
526,Aketi,CD,2.7388,23.7833,70.09,100,100,2.39,overcast clouds
527,Sayville,US,40.7359,-73.0821,61.95,73,90,5.75,overcast clouds
528,Hay River,CA,60.8156,-115.7999,44.58,93,75,1.14,light rain
529,Ratnagiri,IN,16.9833,73.3,78.75,85,66,4.18,broken clouds
530,Feijo,BR,-8.1642,-70.3536,74.01,87,81,2.24,broken clouds
531,Kaiyuan,CN,23.6977,103.3037,75.45,75,15,0.56,light rain
532,Rundu,NA,-17.9333,19.7667,69.21,23,49,5.1,scattered clouds
533,Faya,SA,18.3851,42.4509,60.91,36,46,0.34,scattered clouds
534,Villanueva De Cordoba,ES,38.3228,-4.6287,55.13,54,59,1.68,broken clouds
535,Sioux Lookout,CA,50.1001,-91.917,68.38,94,75,3.44,broken clouds
536,Along,IN,28.1667,94.7667,80.89,80,63,1.28,broken clouds
537,Kifri,IQ,34.6959,44.9661,77.27,27,0,6.42,clear sky
538,Basoko,CD,1.2391,23.616,68.54,95,94,3.36,overcast clouds
539,Terni,IT,42.6833,12.3167,59.23,79,8,5.28,clear sky
540,Auras,IN,26.9167,80.5167,85.95,77,0,6.22,clear sky
541,Zhireken,RU,52.8249,117.3076,41.58,45,69,1.23,broken clouds
542,Lakota,CI,5.8528,-5.6883,70.77,100,100,2.37,light rain
543,Sembakung,ID,3.8167,117.25,80.53,68,76,1.99,light rain
544,Dwarka,IN,22.2394,68.9678,82.04,85,100,18.99,light rain
545,Great Falls,US,47.5002,-111.3008,62.67,34,1,1.99,clear sky
546,Yaan,NG,7.3833,8.5667,72.1,98,100,6.06,moderate rain
547,Marienburg,PL,54.0359,19.0266,45.88,78,1,7.09,clear sky
548,Belyy Yar,RU,53.6039,91.3903,46.29,81,0,6.71,clear sky
549,Sylacauga,US,33.1732,-86.2516,74.08,95,90,0.0,mist
550,San Cristobal,VE,7.7669,-72.225,68.18,97,86,1.45,light rain
551,Nador,MA,35.174,-2.9287,66.45,94,0,0.0,clear sky
552,Karaton,ID,-6.3424,106.1045,87.96,61,97,4.34,overcast clouds
553,Cabra,ES,37.4725,-4.4421,66.9,74,8,3.69,clear sky
554,Ahipara,NZ,-35.1667,173.1667,59.94,54,0,7.02,clear sky
555,Verkh-Usugli,RU,52.7,115.1667,41.7,42,5,2.48,clear sky
556,Zlobin,HR,45.2924,14.6541,51.1,67,0,8.05,clear sky
557,Kapit,MY,2.0167,112.9333,86.27,71,84,2.19,light rain
558,Ucluelet,CA,48.9329,-125.5528,54.95,87,0,5.53,clear sky
559,Itigi,TZ,-5.7,34.4833,63.95,75,18,8.84,few clouds
560,Oktyabrskiy,RU,54.4815,53.471,43.18,88,100,5.06,overcast clouds
561,Kavaratti,IN,10.5669,72.642,81.86,78,99,11.12,light rain
562,Aqtobe,KZ,50.2797,57.2072,32.09,80,0,0.0,clear sky
563,Komsomolskiy,UZ,40.4272,71.7189,61.52,51,84,6.91,broken clouds
564,Bosaso,SO,11.2842,49.1816,87.55,58,75,1.7,broken clouds
565,Beruwala,LK,6.4788,79.9828,80.24,83,100,5.91,light rain
566,Kingisepp,RU,59.3733,28.6134,38.21,95,9,5.84,clear sky
567,San Rafael,AR,-34.6177,-68.3301,58.66,27,0,6.33,clear sky
568,Rosarito,MX,32.3333,-117.0333,76.93,60,0,4.65,clear sky
569,Santa Cruz Del Sur,CU,20.7147,-77.9956,76.64,89,26,10.4,scattered clouds
570,Progreso,MX,21.2833,-89.6667,82.51,78,40,12.91,scattered clouds
571,Solnechnyy,RU,50.7214,136.6319,53.44,33,35,10.25,scattered clouds
572,Mosquera,CO,4.7059,-74.2302,55.49,94,40,2.3,scattered clouds
573,Pevek,RU,69.7008,170.3133,27.64,76,100,8.37,overcast clouds
574,Kiunga,PG,-6.1219,141.2906,86.95,67,95,2.73,light rain
575,Pajapan,MX,18.25,-94.7,77.34,90,97,4.09,overcast clouds
576,Zyryanka,RU,65.75,150.85,35.47,33,100,14.52,overcast clouds
577,Tigil,RU,57.8,158.6667,43.45,86,100,7.27,overcast clouds
578,Kakonko,TZ,-3.2828,30.9642,66.94,69,100,1.23,overcast clouds
579,Tessalit,ML,20.1986,1.0114,83.07,11,96,9.35,overcast clouds
580,Saint-Leu,RE,-21.15,55.2833,70.63,74,14,3.09,few clouds
581,Gizo,SB,-8.103,156.8419,84.72,69,96,7.47,overcast clouds
582,Araouane,ML,18.9048,-3.5265,85.89,43,67,5.91,broken clouds
583,Andenes,NO,69.3143,16.1194,43.47,87,85,11.5,overcast clouds
584,Damietta,EG,31.4165,31.8133,73.29,76,1,6.22,clear sky
585,Conde,BR,-7.2597,-34.9075,74.66,94,20,5.75,few clouds
586,Palafrugell,ES,41.9174,3.1631,65.71,70,0,3.0,clear sky
587,Cuenca,EC,-2.8833,-78.9833,59.13,77,72,6.91,broken clouds
588,Tiarei,PF,-17.5333,-149.3333,80.62,77,7,17.67,clear sky
589,Khash,IR,28.2211,61.2158,71.37,20,48,6.98,scattered clouds
590,Half Moon Bay,US,37.4636,-122.4286,80.78,76,20,12.66,few clouds
591,Beisfjord,NO,68.3751,17.5988,47.25,82,31,9.04,scattered clouds
592,La Ciotat,FR,43.1748,5.6045,68.81,63,23,4.18,few clouds
593,Lincoln,US,40.8,-96.667,71.04,84,1,1.99,clear sky
594,Ginir,ET,7.1333,40.7,60.19,81,100,1.52,light rain
595,Tarata,BO,-17.6167,-66.0167,63.82,62,2,4.72,clear sky
596,Yeppoon,AU,-23.1333,150.7333,71.38,68,78,10.51,light rain
597,Gallup,US,35.5281,-108.7426,46.24,81,90,6.91,overcast clouds
598,Otane,NZ,-39.8833,176.6333,59.02,47,3,4.97,clear sky
599,Nemuro,JP,43.3236,145.575,68.43,88,100,9.57,overcast clouds
600,Tura,IN,25.5198,90.2201,81.82,68,86,2.15,overcast clouds
601,Byron Bay,AU,-28.65,153.6167,75.31,85,100,8.14,moderate rain
602,Fujin,CN,47.26,132.0322,57.11,46,10,11.25,clear sky
603,Port-Gentil,GA,-0.7193,8.7815,77.27,86,98,14.7,overcast clouds
604,Balikpapan,ID,-1.2675,116.8289,79.16,87,100,0.69,light rain
605,Port Macquarie,AU,-31.4333,152.9167,76.37,59,56,8.79,broken clouds
606,Cidreira,BR,-30.1811,-50.2056,63.46,94,100,22.06,moderate rain
607,Zemio,CF,5.0314,25.1361,68.11,98,100,2.04,overcast clouds
608,Morden,CA,49.1919,-98.1014,60.46,77,58,3.44,broken clouds
609,Porto Novo,BJ,6.4965,2.6036,80.42,92,94,4.72,overcast clouds
610,Presidencia Roque Saenz Pena,AR,-26.7852,-60.4388,77.72,71,60,10.89,broken clouds
611,Itaituba,BR,-4.2761,-55.9836,74.86,89,26,1.72,light rain
612,Tadine,NC,-21.55,167.8833,73.78,79,93,15.57,light rain
613,Igrim,RU,63.1906,64.4162,32.07,84,32,7.25,scattered clouds
614,Kalmunai,LK,7.4167,81.8167,79.65,80,100,3.42,moderate rain
615,Pafos,CY,34.7667,32.4167,67.91,83,0,5.75,clear sky
616,Rincon,US,32.296,-81.2354,76.12,92,20,0.0,few clouds
617,Ulaangom,MN,49.9811,92.0667,44.08,61,100,8.05,overcast clouds
618,Trincomalee,LK,8.5711,81.2335,78.21,85,100,6.87,light rain
619,Smirnykh,RU,49.75,142.8333,58.39,44,28,13.09,scattered clouds
620,Kargopol,RU,61.5071,38.9456,44.15,95,100,3.51,overcast clouds
621,Christchurch,NZ,-43.5333,172.6333,59.32,55,0,8.01,clear sky
622,Kaeo,NZ,-35.1,173.7833,68.32,61,0,5.79,clear sky
623,Bani Walid,LY,31.7566,13.9942,67.5,81,0,8.12,clear sky
624,Port Blair,IN,11.6667,92.75,84.06,76,28,10.98,scattered clouds
625,Kazanskaya,RU,45.4106,40.4361,44.29,53,6,19.13,clear sky
626,Aklavik,CA,68.2191,-135.0107,29.23,96,88,4.99,overcast clouds
627,Cockburn Town,TC,21.4612,-71.1419,83.43,71,6,12.95,light rain
628,South Sioux City,US,42.4739,-96.4136,67.35,90,75,3.0,moderate rain
629,Whitehorse,CA,60.7161,-135.0538,42.03,82,75,13.0,broken clouds
630,Billings,US,45.7833,-108.5007,64.17,34,1,6.91,clear sky
631,Asyut,EG,27.181,31.1837,69.98,63,0,12.35,clear sky
632,Sidhauli,IN,27.2833,80.8333,85.89,78,0,6.38,clear sky
633,Pasaje,EC,-3.3333,-79.8167,73.09,83,60,0.65,broken clouds
634,Kloulklubed,PW,7.0419,134.2556,86.5,78,100,15.5,moderate rain
635,Brownsville,US,25.9018,-97.4975,83.91,83,20,1.01,few clouds
636,Portland,US,45.5234,-122.6762,58.96,92,20,1.01,few clouds
637,Quatre Cocos,MU,-20.2078,57.7625,72.09,77,91,14.81,light rain
638,Beitbridge,ZW,-22.2167,30.0,64.78,85,18,15.32,few clouds
639,Erzin,TR,36.9559,36.2,66.92,81,3,1.81,clear sky
640,Porto Belo,BR,-27.1578,-48.5531,72.16,87,100,8.08,light rain
641,Avenal,US,36.0041,-120.129,80.65,29,0,2.57,clear sky
642,Tazovskiy,RU,67.4667,78.7,31.93,93,100,18.84,overcast clouds
643,Sungaipenuh,ID,-2.0833,101.3833,67.15,85,100,0.2,overcast clouds
644,Pacific Grove,US,36.6177,-121.9166,73.6,72,1,1.01,clear sky
645,Carutapera,BR,-1.195,-46.02,77.97,83,100,5.57,overcast clouds
646,Xichang,CN,27.8964,102.2634,73.96,68,2,2.17,clear sky
647,Saint-Joseph,RE,-21.3667,55.6167,70.16,77,43,10.76,scattered clouds
648,Clonakilty,IE,51.6231,-8.8706,53.1,84,65,20.56,broken clouds
649,Sant Feliu De Guixols,ES,41.7833,3.0333,67.89,64,0,1.34,clear sky
650,Tondano,ID,1.3038,124.9112,82.49,65,43,2.53,light rain
651,Amapa,BR,1.0,-52.0,72.72,87,29,3.04,scattered clouds
652,San Vicente,AR,-26.6167,-54.1333,71.42,70,63,3.27,broken clouds
653,Katima Mulilo,NA,-17.5,24.2667,73.15,37,0,6.82,clear sky
654,Kouango,CF,4.9934,19.9619,70.77,98,100,2.15,overcast clouds
655,Samana,DO,19.2056,-69.3369,76.87,88,100,4.34,overcast clouds
656,Bathsheba,BB,13.2167,-59.5167,84.81,74,75,18.41,broken clouds
657,Havoysund,NO,70.9963,24.6622,45.48,82,56,13.71,broken clouds
658,Prieska,ZA,-29.6641,22.7474,60.87,41,96,4.0,overcast clouds
659,Xining,CN,36.6167,101.7667,59.11,35,1,0.31,clear sky
660,Mitsamiouli,KM,-11.3847,43.2844,76.39,79,6,11.23,clear sky
661,Imbituba,BR,-28.24,-48.6703,64.29,93,100,14.2,light rain
662,Union,US,40.6334,-74.2663,62.51,70,75,5.75,broken clouds
663,Berdigestyakh,RU,62.0989,126.6992,37.78,51,70,7.16,broken clouds
664,Wanaka,NZ,-44.7,169.15,64.11,43,14,5.99,few clouds
665,Tautira,PF,-17.7333,-149.15,80.62,76,26,16.75,scattered clouds
666,Guia De Isora,ES,28.2115,-16.7795,76.12,46,0,5.41,clear sky
667,Qaqortoq,GL,60.7167,-46.0333,34.3,52,0,3.31,clear sky
668,Phrae,TH,18.0833,100.0,83.86,72,40,5.75,light rain
669,Birin,NP,26.8865,88.0718,68.14,77,99,2.75,overcast clouds
670,Ritchie,ZA,-29.038,24.6028,58.21,85,67,12.33,light rain
671,Fremont,US,37.5483,-121.9886,80.85,47,1,1.01,clear sky
672,Puerto Escondido,MX,15.85,-97.0667,83.23,65,40,0.0,scattered clouds
673,Ovruch,UA,51.3246,28.8035,38.8,75,11,5.1,few clouds
674,Rognan,NO,67.0953,15.3878,51.94,70,81,8.81,broken clouds
675,Oswego,US,43.4501,-76.1497,53.55,70,87,1.99,overcast clouds
676,Ilebo,CD,-4.3167,20.5833,70.18,99,99,1.92,overcast clouds
677,Niamey,NE,13.5137,2.1098,84.49,61,0,6.91,clear sky
678,Bonthe,SL,7.5264,-12.505,76.93,88,58,3.91,light rain
679,Makat,KZ,47.6469,53.3463,44.83,42,9,4.9,clear sky
680,Wencheng,CN,33.0559,113.7978,82.51,57,1,6.58,clear sky
681,Sunrise Manor,US,36.2111,-115.0731,79.97,11,1,3.44,clear sky
682,Trabzon,TR,40.9167,39.8333,53.69,82,75,3.44,broken clouds
683,Paicandu,BR,-23.4575,-52.0486,79.47,53,0,9.22,clear sky
684,Tromso,NO,69.6496,18.957,45.37,87,0,1.99,clear sky
685,Karangampel,ID,-6.4622,108.4519,88.88,54,70,7.92,broken clouds
686,Oranjemund,NA,-28.55,16.4333,57.0,89,60,5.41,broken clouds
687,Thinadhoo,MV,0.5333,72.9333,82.22,69,100,5.64,overcast clouds
688,Tshikapa,CD,-6.4167,20.8,71.26,96,100,2.71,overcast clouds
689,Pangody,RU,65.85,74.4859,32.59,96,99,18.03,overcast clouds
690,Belmonte,BR,-15.8631,-38.8828,75.7,87,0,7.27,clear sky
691,Mayumba,GA,-3.432,10.6554,75.25,86,100,6.13,overcast clouds
692,Maibong,IN,25.3,93.1667,82.65,72,81,2.53,broken clouds
693,Indian Head,US,38.6001,-77.1622,64.29,71,20,0.0,few clouds
694,Alamogordo,US,32.8995,-105.9603,58.39,88,1,4.61,clear sky
695,Najran,SA,17.4924,44.1277,68.65,17,100,2.98,overcast clouds
696,Harnosand,SE,62.6323,17.9379,51.8,92,100,17.87,light rain
697,Santiago Del Estero,AR,-27.7951,-64.2615,68.81,60,0,21.45,clear sky
698,North Bend,US,43.4065,-124.2243,60.85,94,20,13.8,few clouds
699,Cayenne,GF,4.9333,-52.3333,83.08,80,0,4.0,light rain
700,Koslan,RU,63.4564,48.8989,43.81,97,100,3.11,overcast clouds
701,Matamoros,MX,25.5333,-103.25,86.11,35,40,10.36,scattered clouds
702,Weinan,CN,34.5036,109.5089,73.09,60,92,3.96,overcast clouds
703,Norrtalje,SE,59.758,18.705,53.24,85,95,13.91,overcast clouds
704,Olga,RU,43.7444,135.2892,54.18,94,100,4.88,light rain
705,Hope,US,33.6671,-93.5916,77.07,91,19,5.79,few clouds
706,Huarmey,PE,-10.0681,-78.1522,64.87,85,68,7.2,broken clouds
707,Erenhot,CN,43.6475,111.9767,54.19,25,51,12.57,broken clouds
708,Hamada,JP,34.8833,132.0833,77.72,66,54,11.1,broken clouds
709,Kandrian,PG,-6.2167,149.55,82.6,80,91,3.71,moderate rain
710,Delta Del Tigre,UY,-34.7633,-56.3853,59.11,96,100,3.13,light rain
711,Kasongo,CD,-4.45,26.6667,67.37,95,100,2.86,overcast clouds
712,Mayo,US,38.8876,-76.5119,64.94,76,0,1.99,clear sky
713,Darab,IR,28.7519,54.5444,78.78,20,6,4.32,clear sky
714,Ust-Nera,RU,64.5667,143.2,28.9,68,100,5.99,overcast clouds
715,Ojinaga,MX,29.5667,-104.4167,77.95,41,1,19.57,clear sky
716,Dzhebariki-Khaya,RU,62.2167,135.8,40.55,73,95,3.18,overcast clouds
